chr1	1351309	1355515	MSTRG.1132.1	1000	+
chr1	10373486	10399257	MSTRG.1272.1	1000	-
chr1	10400357	10417154	MSTRG.1275.1	1000	-
chr1	15788261	15800475	MSTRG.1339.1	1000	-
chr1	15788261	15800432	MSTRG.1339.2	1000	-
chr1	15788262	15800475	MSTRG.1339.3	1000	-
chr1	15788661	15800465	MSTRG.1339.4	1000	-
chr1	15788661	15800465	MSTRG.1339.5	1000	-
chr1	15791269	15800465	MSTRG.1339.6	1000	-
chr1	15791700	15800432	MSTRG.1339.7	1000	-
chr1	20486318	20486841	MSTRG.1424.1	1000	-
chr1	21431368	21431960	MSTRG.1442.1	1000	+
chr1	23310326	23318682	MSTRG.1473.1	1000	+
chr1	23692522	23696512	MSTRG.1480.1	1000	-
chr1	24842866	24843431	MSTRG.1506.1	1000	-
chr1	26475206	26475640	MSTRG.1543.1	1000	-
chr1	28543510	28544338	MSTRG.1597.1	1000	+
chr1	29148579	29149138	MSTRG.1615.1	1000	+
chr1	31154966	31156156	MSTRG.1626.1	1000	+
chr1	31725111	31725529	MSTRG.1638.1	1000	-
chr1	32196947	32197493	MSTRG.1654.1	1000	-
chr1	35184186	35184678	MSTRG.1706.1	1000	+
chr1	41433080	41464975	MSTRG.1812.1	1000	+
chr1	45582126	45582770	MSTRG.1904.1	1000	-
chr1	45602166	45607983	MSTRG.1906.1	1000	-
chr1	47374727	47377036	MSTRG.1935.1	1000	-
chr1	50969504	50970209	MSTRG.1947.1	1000	-
chr1	61057586	61058007	MSTRG.2065.1	1000	-
chr1	65644990	65645429	MSTRG.2117.1	1000	-
chr1	70250278	70251037	MSTRG.2151.1	1000	-
chr1	70250278	70251037	MSTRG.2151.2	1000	-
chr1	75742860	75743339	MSTRG.2168.1	1000	-
chr1	89821297	89821993	MSTRG.2253.1	1000	-
chr1	90027504	90028044	MSTRG.2256.1	1000	-
chr1	93680160	93681298	MSTRG.2295.1	1000	+
chr1	93681734	93684730	MSTRG.2296.1	1000	+
chr1	93876250	93876851	MSTRG.2301.1	1000	+
chr1	96679159	96679730	MSTRG.2325.1	1000	+
chr1	108699307	108700185	MSTRG.2381.1	1000	-
chr1	113509275	113510091	MSTRG.2465.1	1000	-
chr1	113691044	113692820	MSTRG.2467.1	1000	+
chr1	117776639	117777976	MSTRG.2508.1	1000	-
chr1	145234371	145235840	MSTRG.2556.1	1000	+
chr1	148771759	148772268	MSTRG.2635.1	1000	-
chr1	149357952	149358590	MSTRG.2650.1	1000	+
chr1	149830675	149832625	MSTRG.2660.1	1000	-
chr1	150045995	150046711	MSTRG.2677.1	1000	-
chr1	150067107	150067851	MSTRG.2679.1	1000	-
chr1	150220272	150235952	MSTRG.2683.1	1000	+
chr1	150629446	150635862	MSTRG.2701.1	1000	+
chr1	151195803	151196289	MSTRG.2726.1	1000	-
chr1	153963554	153965797	MSTRG.2779.1	1000	+
chr1	153981576	153982139	MSTRG.2785.1	1000	+
chr1	161748319	161750388	MSTRG.2944.1	1000	-
chr1	163345589	163349157	MSTRG.2958.1	1000	-
chr1	165662785	165669097	MSTRG.2977.1	1000	+
chr1	168200925	168201362	MSTRG.3001.1	1000	-
chr1	174841800	174849455	MSTRG.3065.1	1000	-
chr1	183144122	183144599	MSTRG.3134.1	1000	-
chr1	186343291	186344500	MSTRG.3168.1	1000	+
chr1	200462584	200483727	MSTRG.3203.7	1000	-
chr1	205718268	205720741	MSTRG.3296.1	1000	+
chr1	205889874	205896179	MSTRG.3301.1	1000	+
chr1	205957822	205958495	MSTRG.3302.1	1000	+
chr1	211574320	211575118	MSTRG.3348.1	1000	+
chr1	211578748	211579366	MSTRG.3349.1	1000	-
chr1	215620165	215620657	MSTRG.3393.1	1000	-
chr1	219608378	219609118	MSTRG.3403.1	1000	-
chr1	223845982	223846775	MSTRG.3435.1	1000	+
chr1	227781811	227784555	MSTRG.3489.1	1000	+
chr1	228103290	228104812	MSTRG.3492.1	1000	+
chr1	228182666	228184511	MSTRG.3496.1	1000	+
chr1	228182673	228184507	MSTRG.3496.2	1000	+
chr1	228646526	228650067	MSTRG.3505.1	1000	+
chr1	234610184	234611090	MSTRG.3563.1	1000	-
chr1	235111625	235112094	MSTRG.3565.1	1000	+
chr1	242726791	242764500	MSTRG.3612.1	1000	-
chr1	242726791	242764491	MSTRG.3612.2	1000	-
chr1	244854146	244856052	MSTRG.3631.1	1000	+
chr1	244856652	244862826	MSTRG.3632.1	1000	+
chr1	244863638	244864152	MSTRG.3633.1	1000	+
chr1	247331696	247335393	MSTRG.3665.1	1000	+
chr10	1050155	1056829	MSTRG.3692.1	1000	-
chr10	1050155	1056829	MSTRG.3692.2	1000	-
chr10	27112010	27117825	MSTRG.3881.1	1000	+
chr10	28620365	28620889	MSTRG.3892.1	1000	-
chr10	32901293	32920406	MSTRG.3926.1	1000	+
chr10	32923624	32936120	MSTRG.3927.1	1000	+
chr10	36522973	36523520	MSTRG.3957.1	1000	+
chr10	38403093	38409036	MSTRG.3975.1	1000	+
chr10	46004270	46007679	MSTRG.4027.1	1000	+
chr10	46285003	46286086	MSTRG.4029.1	1000	+
chr10	46521342	46541604	MSTRG.4033.1	1000	-
chr10	46541548	46542941	MSTRG.4034.1	1000	+
chr10	46576672	46578829	MSTRG.4036.1	1000	-
chr10	47496438	47501637	MSTRG.4047.1	1000	-
chr10	47743604	47762725	MSTRG.4052.1	1000	+
chr10	47763135	47765315	MSTRG.4054.1	1000	+
chr10	47923695	47928346	MSTRG.4058.1	1000	+
chr10	48007128	48009229	MSTRG.4059.1	1000	-
chr10	50655761	50656708	MSTRG.4087.1	1000	-
chr10	50657047	50660501	MSTRG.4089.1	1000	-
chr10	56353374	56355070	MSTRG.4106.1	1000	-
chr10	67765000	67765496	MSTRG.4133.1	1000	+
chr10	68982577	68983050	MSTRG.4163.1	1000	-
chr10	69369140	69380061	MSTRG.4177.1	1000	-
chr10	70146294	70146732	MSTRG.4187.1	1000	+
chr10	71888519	71889229	MSTRG.4204.1	1000	-
chr10	73673622	73674072	MSTRG.4255.1	1000	-
chr10	73780550	73782110	MSTRG.4264.1	1000	-
chr10	74089948	74094500	MSTRG.4275.1	1000	-
chr10	79353690	79354178	MSTRG.4332.1	1000	-
chr10	88582815	88584323	MSTRG.4392.1	1000	+
chr10	92686254	92689818	MSTRG.4443.1	1000	-
chr10	101807672	101817935	MSTRG.4559.1	1000	+
chr10	102160940	102162320	MSTRG.4568.1	1000	-
chr10	102642622	102643445	MSTRG.4583.1	1000	+
chr10	103192418	103193074	MSTRG.4599.1	1000	+
chr10	103360555	103361019	MSTRG.4604.1	1000	-
chr10	103448113	103449531	MSTRG.4609.1	1000	+
chr10	103696608	103700239	MSTRG.4614.1	1000	+
chr10	114786555	114794249	MSTRG.4670.1	1000	+
chr10	114822437	114823024	MSTRG.4672.1	1000	-
chr10	119035746	119050790	MSTRG.4696.1	1000	+
chr10	119138382	119138912	MSTRG.4700.1	1000	-
chr10	125231587	125270572	MSTRG.4758.1	1000	+
chr10	125518769	125519224	MSTRG.4759.1	1000	-
chr10	133622467	133623432	MSTRG.4819.1	1000	+
chr11	392664	393167	MSTRG.4843.1	1000	-
chr11	8978741	8979545	MSTRG.5018.1	1000	+
chr11	9438148	9445436	MSTRG.5028.1	1000	-
chr11	10296246	10299355	MSTRG.5042.1	1000	-
chr11	10391720	10392376	MSTRG.5046.1	1000	-
chr11	12937645	12938056	MSTRG.5073.1	1000	-
chr11	16744530	16755688	MSTRG.5098.1	1000	-
chr11	18402881	18407735	MSTRG.5119.1	1000	-
chr11	19712743	19715028	MSTRG.5144.1	1000	-
chr11	23185366	23185955	MSTRG.5160.1	1000	-
chr11	23723536	23728100	MSTRG.5161.1	1000	-
chr11	29302204	29318438	MSTRG.5186.1	1000	-
chr11	35617804	35618410	MSTRG.5243.1	1000	+
chr11	35663238	35726033	MSTRG.5246.1	1000	-
chr11	35809708	35810146	MSTRG.5247.1	1000	-
chr11	43858557	43867346	MSTRG.5278.1	1000	+
chr11	44301221	44305324	MSTRG.5285.1	1000	+
chr11	45106427	45128598	MSTRG.5293.1	1000	-
chr11	57086096	57087590	MSTRG.5358.1	1000	-
chr11	59658813	59667016	MSTRG.5388.1	1000	+
chr11	61794089	61799200	MSTRG.5422.1	1000	-
chr11	62573918	62579287	MSTRG.5441.1	1000	+
chr11	64184637	64185802	MSTRG.5489.1	1000	-
chr11	65424488	65426519	MSTRG.5545.1	1000	-
chr11	65499514	65500104	MSTRG.5549.1	1000	-
chr11	65662897	65671805	MSTRG.5562.1	1000	+
chr11	65899364	65900236	MSTRG.5574.1	1000	+
chr11	66892293	66893670	MSTRG.5619.1	1000	+
chr11	66967234	66970251	MSTRG.5622.1	1000	+
chr11	67578522	67580189	MSTRG.5649.1	1000	+
chr11	72290873	72291441	MSTRG.5728.1	1000	-
chr11	73299511	73305093	MSTRG.5746.1	1000	+
chr11	73870142	73872265	MSTRG.5762.1	1000	-
chr11	86286160	86286857	MSTRG.5900.1	1000	+
chr11	86717443	86735975	MSTRG.5905.20	1000	-
chr11	90194068	90200281	MSTRG.5931.1	1000	-
chr11	90201420	90202033	MSTRG.5933.1	1000	+
chr11	102346674	102347248	MSTRG.5992.1	1000	-
chr11	102398153	102398687	MSTRG.5995.1	1000	+
chr11	108008603	108009409	MSTRG.6024.1	1000	-
chr11	110230092	110230708	MSTRG.6040.1	1000	+
chr11	117137579	117138263	MSTRG.6109.1	1000	-
chr11	122812417	122812938	MSTRG.6202.1	1000	-
chr11	123057619	123059271	MSTRG.6204.1	1000	+
chr11	126340785	126355648	MSTRG.6248.1	1000	-
chr12	1788843	1789399	MSTRG.6311.1	1000	-
chr12	4354816	4360131	MSTRG.6340.1	1000	+
chr12	6319395	6326418	MSTRG.6354.1	1000	-
chr12	6333662	6334326	MSTRG.6356.1	1000	+
chr12	6534433	6537065	MSTRG.6366.1	1000	-
chr12	6771686	6772391	MSTRG.6382.1	1000	+
chr12	8943716	8946402	MSTRG.6432.1	1000	+
chr12	12409107	12413873	MSTRG.6484.1	1000	-
chr12	12414430	12415660	MSTRG.6485.1	1000	-
chr12	16364024	16364486	MSTRG.6533.1	1000	-
chr12	21635356	21654688	MSTRG.6564.1	1000	+
chr12	25804632	25805106	MSTRG.6590.1	1000	+
chr12	31614498	31615203	MSTRG.6663.1	1000	-
chr12	34032468	34035316	MSTRG.6690.1	1000	+
chr12	43724307	43728400	MSTRG.6717.1	1000	-
chr12	45926435	45927043	MSTRG.6731.1	1000	+
chr12	46184171	46184652	MSTRG.6733.1	1000	+
chr12	46505656	46524409	MSTRG.6741.1	1000	-
chr12	49351854	49352354	MSTRG.6818.1	1000	-
chr12	52898641	52901988	MSTRG.6900.1	1000	+
chr12	55409676	55411451	MSTRG.6969.1	1000	-
chr12	56257490	56258041	MSTRG.7009.1	1000	+
chr12	56664129	56673135	MSTRG.7029.1	1000	+
chr12	58330072	58337144	MSTRG.7081.1	1000	-
chr12	66003289	66003817	MSTRG.7153.1	1000	-
chr12	67771362	67771902	MSTRG.7172.1	1000	-
chr12	74536611	74537167	MSTRG.7214.1	1000	-
chr12	76319533	76325627	MSTRG.7227.1	1000	+
chr12	76325809	76326820	MSTRG.7228.1	1000	+
chr12	89630453	89635330	MSTRG.7289.1	1000	+
chr12	93401344	93401789	MSTRG.7311.1	1000	-
chr12	93639788	93640325	MSTRG.7316.1	1000	-
chr12	95300515	95301090	MSTRG.7340.1	1000	-
chr12	95861136	95866187	MSTRG.7349.1	1000	-
chr12	96486881	96487347	MSTRG.7361.1	1000	-
chr12	103930320	103941603	MSTRG.7415.1	1000	-
chr12	103942641	103947970	MSTRG.7416.1	1000	-
chr12	104031544	104032229	MSTRG.7422.1	1000	+
chr12	104321197	104348489	MSTRG.7430.1	1000	-
chr12	104348808	104349668	MSTRG.7431.1	1000	-
chr12	105366517	105370999	MSTRG.7447.1	1000	-
chr12	106139508	106143456	MSTRG.7450.1	1000	+
chr12	108645169	108645834	MSTRG.7478.1	1000	+
chr12	110333921	110339491	MSTRG.7512.1	1000	-
chr12	116817258	116819488	MSTRG.7598.1	1000	-
chr12	121839642	121848330	MSTRG.7681.1	1000	+
chr12	122765239	122769243	MSTRG.7704.1	1000	-
chr12	123586653	123596970	MSTRG.7730.1	1000	-
chr12	126298086	126312159	MSTRG.7769.1	1000	-
chr12	130872768	130876020	MSTRG.7776.1	1000	-
chr13	30460941	30461549	MSTRG.7911.1	1000	+
chr13	33679380	33687269	MSTRG.7934.1	1000	+
chr13	38361619	38362334	MSTRG.7954.1	1000	-
chr13	41384349	41384773	MSTRG.7978.1	1000	-
chr13	44306587	44307315	MSTRG.8004.1	1000	+
chr13	45969768	45985436	MSTRG.8031.1	1000	+
chr13	56064798	56065243	MSTRG.8114.1	1000	+
chr13	76592262	76592826	MSTRG.8142.1	1000	-
chr13	99494341	99496913	MSTRG.8224.1	1000	-
chr13	103464441	103516056	MSTRG.8248.1	1000	+
chr13	109424025	109424478	MSTRG.8261.1	1000	-
chr13	110222399	110222854	MSTRG.8266.1	1000	+
chr14	20478167	20482002	MSTRG.8336.1	1000	+
chr14	21210881	21211645	MSTRG.8354.1	1000	+
chr14	23059062	23059566	MSTRG.8391.1	1000	+
chr14	23080143	23080798	MSTRG.8392.1	1000	+
chr14	24006918	24025442	MSTRG.8408.1	1000	+
chr14	24006919	24008357	MSTRG.8408.2	1000	+
chr14	24271105	24298943	MSTRG.8426.1	1000	+
chr14	24271105	24298943	MSTRG.8426.2	1000	+
chr14	24271115	24298922	MSTRG.8426.3	1000	+
chr14	24442758	24477518	MSTRG.8433.1	1000	+
chr14	24442758	24477390	MSTRG.8433.2	1000	+
chr14	25266208	25266748	MSTRG.8435.1	1000	-
chr14	28577858	28587627	MSTRG.8438.1	1000	+
chr14	32268302	32269929	MSTRG.8481.1	1000	-
chr14	39180528	39181347	MSTRG.8552.1	1000	-
chr14	39181507	39181989	MSTRG.8553.1	1000	-
chr14	39216544	39216988	MSTRG.8554.1	1000	+
chr14	55636375	55637900	MSTRG.8681.1	1000	-
chr14	60398648	60399528	MSTRG.8728.1	1000	+
chr14	68788243	68788828	MSTRG.8822.1	1000	+
chr14	69768108	69771403	MSTRG.8838.1	1000	-
chr14	72665467	72670993	MSTRG.8860.1	1000	+
chr14	73083414	73111793	MSTRG.8868.1	1000	-
chr14	73088272	73110980	MSTRG.8868.2	1000	-
chr14	73565373	73569947	MSTRG.8883.1	1000	-
chr14	74798862	74809538	MSTRG.8921.1	1000	-
chr14	76897367	76898138	MSTRG.8955.1	1000	-
chr14	76927892	76948857	MSTRG.8956.1	1000	-
chr14	88220040	88220471	MSTRG.9013.1	1000	+
chr14	90259073	90264385	MSTRG.9040.1	1000	-
chr14	98987319	98987734	MSTRG.9101.1	1000	+
chr14	101462898	101477279	MSTRG.9159.1	1000	-
chr14	101463228	101477224	MSTRG.9159.2	1000	-
chr14	101463639	101477273	MSTRG.9159.3	1000	-
chr14	101463639	101477273	MSTRG.9159.4	1000	-
chr14	102081156	102087128	MSTRG.9174.1	1000	+
chr14	102214118	102223195	MSTRG.9176.1	1000	-
chr14	103057839	103059624	MSTRG.9192.1	1000	+
chr14	103061552	103073343	MSTRG.9193.1	1000	-
chr14	103061552	103073342	MSTRG.9193.2	1000	-
chr14	103061556	103073401	MSTRG.9193.3	1000	-
chr14	103338655	103339766	MSTRG.9200.1	1000	-
chr14	104953293	104953962	MSTRG.9237.1	1000	+
chr14	105084038	105086400	MSTRG.9240.1	1000	-
chr15	22479175	22480153	MSTRG.9274.1	1000	-
chr15	22785699	22786189	MSTRG.9279.1	1000	-
chr15	29731205	29731626	MSTRG.9400.1	1000	+
chr15	32733194	32733892	MSTRG.9461.1	1000	-
chr15	34495979	34496385	MSTRG.9486.1	1000	+
chr15	40394730	40397478	MSTRG.9548.1	1000	+
chr15	49804499	49804970	MSTRG.9733.1	1000	-
chr15	58546384	58547585	MSTRG.9852.1	1000	-
chr15	60349024	60361106	MSTRG.9894.1	1000	+
chr15	63325066	63325856	MSTRG.9926.1	1000	+
chr15	68779829	68784529	MSTRG.10025.1	1000	+
chr15	72202430	72231281	MSTRG.10074.1	1000	+
chr15	77046118	77046539	MSTRG.10168.1	1000	+
chr15	78755055	78756212	MSTRG.10201.1	1000	+
chr15	78872881	78897132	MSTRG.10205.1	1000	-
chr15	82097769	82101586	MSTRG.10231.5	1000	+
chr15	89639482	89640236	MSTRG.10339.1	1000	+
chr15	90500918	90501322	MSTRG.10371.1	1000	-
chr15	99883509	99884638	MSTRG.10449.1	1000	+
chr16	10010	10535	MSTRG.10480.1	1000	-
chr16	587667	589092	MSTRG.10511.1	1000	-
chr16	727120	728169	MSTRG.10534.1	1000	-
chr16	1771639	1772837	MSTRG.10584.1	1000	+
chr16	1936063	1936738	MSTRG.10593.1	1000	-
chr16	2680525	2680952	MSTRG.10669.1	1000	+
chr16	2681963	2682492	MSTRG.10670.1	1000	-
chr16	5094759	5095253	MSTRG.10764.1	1000	+
chr16	22196477	22196968	MSTRG.10986.1	1000	-
chr16	29608450	29608906	MSTRG.11099.1	1000	-
chr16	30634419	30635853	MSTRG.11158.1	1000	+
chr16	31454419	31456447	MSTRG.11195.1	1000	-
chr16	35802321	35802841	MSTRG.11219.1	1000	-
chr16	46578172	46580215	MSTRG.11221.1	1000	-
chr16	55719686	55720551	MSTRG.11309.1	1000	-
chr16	56740643	56741113	MSTRG.11332.1	1000	-
chr16	57167011	57173962	MSTRG.11342.1	1000	+
chr16	75411785	75414795	MSTRG.11638.1	1000	+
chr16	79966585	80034383	MSTRG.11679.1	1000	-
chr16	85554192	85554690	MSTRG.11730.1	1000	+
chr16	86928896	86931524	MSTRG.11749.1	1000	-
chr16	87581964	87584959	MSTRG.11765.1	1000	+
chr16	87831993	87832494	MSTRG.11774.1	1000	+
chr16	88567982	88568504	MSTRG.11782.1	1000	-
chr16	89283034	89283631	MSTRG.11809.1	1000	+
chr17	1361006	1365154	MSTRG.11877.1	1000	+
chr17	2330502	2334600	MSTRG.11913.1	1000	+
chr17	3802577	3803755	MSTRG.11941.1	1000	+
chr17	4671833	4672424	MSTRG.11962.1	1000	+
chr17	4787009	4789990	MSTRG.11972.1	1000	-
chr17	4926352	4933941	MSTRG.11980.1	1000	-
chr17	7040326	7041042	MSTRG.12031.1	1000	+
chr17	7314017	7314689	MSTRG.12043.1	1000	+
chr17	8024254	8024666	MSTRG.12079.1	1000	-
chr17	8224284	8224701	MSTRG.12085.1	1000	+
chr17	8274594	8277166	MSTRG.12088.1	1000	+
chr17	8366742	8367479	MSTRG.12092.1	1000	-
chr17	13658428	13659226	MSTRG.12146.1	1000	-
chr17	15230401	15230977	MSTRG.12159.1	1000	+
chr17	16745045	16745626	MSTRG.12202.1	1000	-
chr17	17028205	17035247	MSTRG.12208.1	1000	+
chr17	17260201	17265024	MSTRG.12220.1	1000	+
chr17	18855652	18856312	MSTRG.12262.1	1000	-
chr17	19196509	19197016	MSTRG.12282.1	1000	+
chr17	20590916	20591468	MSTRG.12333.1	1000	+
chr17	28343546	28345373	MSTRG.12370.1	1000	-
chr17	28673399	28676342	MSTRG.12394.1	1000	-
chr17	29202050	29203102	MSTRG.12425.1	1000	-
chr17	30969680	30971213	MSTRG.12496.1	1000	-
chr17	30971371	30971963	MSTRG.12497.1	1000	-
chr17	31034174	31034755	MSTRG.12501.1	1000	-
chr17	31034185	31034755	MSTRG.12501.2	1000	-
chr17	31035879	31036773	MSTRG.12502.1	1000	-
chr17	35725521	35726092	MSTRG.12562.1	1000	-
chr17	40392126	40395603	MSTRG.12695.1	1000	+
chr17	40396278	40400129	MSTRG.12696.1	1000	+
chr17	40457032	40457807	MSTRG.12699.1	1000	-
chr17	40465483	40472142	MSTRG.12700.1	1000	+
chr17	40486484	40487106	MSTRG.12702.1	1000	+
chr17	40551261	40559884	MSTRG.12704.1	1000	+
chr17	42577291	42578456	MSTRG.12757.1	1000	+
chr17	43231340	43243780	MSTRG.12794.1	1000	+
chr17	43241611	43258464	MSTRG.12798.1	1000	+
chr17	43262196	43269507	MSTRG.12801.1	1000	+
chr17	44014315	44019748	MSTRG.12819.1	1000	+
chr17	44324873	44327637	MSTRG.12836.1	1000	+
chr17	47683197	47683666	MSTRG.12921.1	1000	-
chr17	48071329	48077078	MSTRG.12942.1	1000	+
chr17	48642507	48676933	MSTRG.12952.4	1000	+
chr17	48944774	48945832	MSTRG.12967.1	1000	+
chr17	49423241	49424115	MSTRG.12986.1	1000	-
chr17	49861799	49862283	MSTRG.12997.1	1000	+
chr17	50078753	50079572	MSTRG.13001.1	1000	-
chr17	50151120	50151943	MSTRG.13009.1	1000	-
chr17	50743620	50752480	MSTRG.13035.1	1000	-
chr17	50999590	51014356	MSTRG.13040.1	1000	+
chr17	51263191	51276003	MSTRG.13047.1	1000	-
chr17	58004610	58005222	MSTRG.13087.1	1000	+
chr17	59841375	59841963	MSTRG.13130.1	1000	-
chr17	60101736	60102968	MSTRG.13146.1	1000	-
chr17	62065318	62066082	MSTRG.13184.1	1000	-
chr17	62431889	62478474	MSTRG.13187.1	1000	-
chr17	62472933	62478280	MSTRG.13187.2	1000	-
chr17	63457150	63457643	MSTRG.13210.1	1000	+
chr17	63756149	63766200	MSTRG.13220.1	1000	+
chr17	64503732	64504912	MSTRG.13233.1	1000	+
chr17	64534624	64537766	MSTRG.13235.1	1000	-
chr17	68524812	68529091	MSTRG.13299.1	1000	-
chr17	76951010	76953955	MSTRG.13444.1	1000	+
chr17	78223968	78224450	MSTRG.13463.1	1000	-
chr17	78862089	78868486	MSTRG.13479.1	1000	+
chr17	82273680	82277933	MSTRG.13599.1	1000	+
chr17	82440332	82441434	MSTRG.13608.1	1000	-
chr18	14255077	14255483	MSTRG.13772.1	1000	+
chr18	26167755	26170445	MSTRG.13832.1	1000	-
chr18	28693784	28694355	MSTRG.13856.1	1000	-
chr18	46088124	46090028	MSTRG.13923.1	1000	+
chr18	57609289	57620732	MSTRG.13992.1	1000	+
chr19	632572	638368	MSTRG.14112.1	1000	+
chr19	4726253	4726698	MSTRG.14271.1	1000	+
chr19	5641517	5649198	MSTRG.14288.1	1000	-
chr19	5907787	5908192	MSTRG.14296.1	1000	-
chr19	9291027	9292919	MSTRG.14383.1	1000	-
chr19	13832566	13833744	MSTRG.14538.1	1000	-
chr19	13837111	13837707	MSTRG.14542.1	1000	-
chr19	14622139	14623397	MSTRG.14571.1	1000	+
chr19	16081931	16101685	MSTRG.14597.1	1000	-
chr19	17521306	17521711	MSTRG.14651.1	1000	+
chr19	21814437	21822470	MSTRG.14735.24	1000	+
chr19	32347139	32373328	MSTRG.14786.1	1000	-
chr19	33171082	33177288	MSTRG.14809.1	1000	-
chr19	36155590	36156002	MSTRG.14884.1	1000	-
chr19	38700900	38714591	MSTRG.14952.1	1000	-
chr19	39402678	39403275	MSTRG.14975.1	1000	+
chr19	39815268	39821249	MSTRG.14987.1	1000	-
chr19	39837666	39840735	MSTRG.14991.1	1000	+
chr19	40314212	40319425	MSTRG.15004.1	1000	-
chr19	41385154	41385775	MSTRG.15040.1	1000	-
chr19	42377813	42378402	MSTRG.15069.1	1000	-
chr19	48394422	48398537	MSTRG.15262.1	1000	-
chr19	48424179	48424663	MSTRG.15264.1	1000	-
chr19	48708280	48708766	MSTRG.15274.1	1000	-
chr19	48923754	48925273	MSTRG.15282.1	1000	+
chr19	55189400	55192159	MSTRG.15448.1	1000	+
chr19	55374416	55377167	MSTRG.15461.1	1000	-
chr19	58182915	58183408	MSTRG.15544.1	1000	-
chr19	58312097	58327407	MSTRG.15551.1	1000	-
chr19	58312097	58327407	MSTRG.15551.2	1000	-
chr19	58519589	58521141	MSTRG.15575.1	1000	+
chr2	3568426	3575343	MSTRG.15598.1	1000	-
chr2	9934662	9936209	MSTRG.15619.1	1000	+
chr2	11671869	11672330	MSTRG.15640.1	1000	+
chr2	20182357	20185995	MSTRG.15661.1	1000	-
chr2	20448425	20448993	MSTRG.15665.1	1000	-
chr2	24295633	24300161	MSTRG.15690.1	1000	+
chr2	26138069	26138639	MSTRG.15715.1	1000	+
chr2	27381613	27384824	MSTRG.15751.1	1000	+
chr2	28942263	28947053	MSTRG.15785.1	1000	-
chr2	29127162	29130530	MSTRG.15787.1	1000	-
chr2	30257853	30258399	MSTRG.15790.1	1000	-
chr2	38068490	38069431	MSTRG.15849.1	1000	+
chr2	47160138	47176602	MSTRG.15954.1	1000	+
chr2	47290466	47291087	MSTRG.15957.1	1000	+
chr2	54115180	54116010	MSTRG.15992.1	1000	-
chr2	55240045	55243745	MSTRG.16012.1	1000	+
chr2	58100950	58119087	MSTRG.16023.1	1000	-
chr2	58100986	58119022	MSTRG.16023.2	1000	-
chr2	64077084	64077536	MSTRG.16076.1	1000	-
chr2	65047798	65056298	MSTRG.16088.1	1000	-
chr2	65047798	65056295	MSTRG.16088.2	1000	-
chr2	65047798	65056298	MSTRG.16088.3	1000	-
chr2	65270144	65271234	MSTRG.16093.1	1000	-
chr2	65338050	65339141	MSTRG.16095.1	1000	+
chr2	65338054	65341419	MSTRG.16095.2	1000	+
chr2	69812561	69820889	MSTRG.16124.1	1000	-
chr2	70271741	70272209	MSTRG.16136.1	1000	-
chr2	70296396	70296827	MSTRG.16139.1	1000	+
chr2	71159490	71165171	MSTRG.16166.1	1000	-
chr2	75239070	75279853	MSTRG.16227.1	1000	+
chr2	75239070	75279853	MSTRG.16227.2	1000	+
chr2	80161864	80162318	MSTRG.16248.1	1000	-
chr2	84967753	84970799	MSTRG.16259.1	1000	-
chr2	85316701	85317305	MSTRG.16267.1	1000	+
chr2	85534826	85539196	MSTRG.16277.1	1000	-
chr2	85542537	85543659	MSTRG.16279.1	1000	-
chr2	87439424	87459200	MSTRG.16316.1	1000	-
chr2	88022011	88022853	MSTRG.16323.1	1000	+
chr2	88690923	88691592	MSTRG.16328.1	1000	-
chr2	89542764	89585842	MSTRG.16330.1	1000	-
chr2	89542764	89585842	MSTRG.16330.2	1000	-
chr2	89560584	89585842	MSTRG.16330.3	1000	-
chr2	89560584	89585842	MSTRG.16330.4	1000	-
chr2	89562292	89585827	MSTRG.16330.5	1000	-
chr2	94193831	94208503	MSTRG.16336.1	1000	-
chr2	94195531	94208484	MSTRG.16336.2	1000	-
chr2	96814857	96816147	MSTRG.16354.1	1000	-
chr2	99311761	99315149	MSTRG.16381.1	1000	-
chr2	99361204	99361744	MSTRG.16384.1	1000	-
chr2	99369348	99382311	MSTRG.16385.1	1000	-
chr2	99371575	99382286	MSTRG.16385.2	1000	-
chr2	106997315	107000137	MSTRG.16425.1	1000	+
chr2	109128369	109129214	MSTRG.16437.1	1000	+
chr2	109925013	109925470	MSTRG.16448.1	1000	+
chr2	112482689	112483383	MSTRG.16495.1	1000	-
chr2	113890167	113931460	MSTRG.16525.1	1000	-
chr2	113957375	113958008	MSTRG.16527.1	1000	-
chr2	117831268	117831784	MSTRG.16529.1	1000	-
chr2	119368121	119372624	MSTRG.16543.1	1000	-
chr2	120722852	120734265	MSTRG.16560.1	1000	+
chr2	120898173	120911902	MSTRG.16563.1	1000	-
chr2	120902175	120911905	MSTRG.16563.2	1000	-
chr2	120902175	120911902	MSTRG.16563.3	1000	-
chr2	120902178	120911905	MSTRG.16563.4	1000	-
chr2	120902496	120911905	MSTRG.16563.5	1000	-
chr2	120902496	120911902	MSTRG.16563.6	1000	-
chr2	120902650	120911893	MSTRG.16563.7	1000	-
chr2	120902930	120911905	MSTRG.16563.8	1000	-
chr2	135185158	135185738	MSTRG.16654.1	1000	+
chr2	142806355	142812384	MSTRG.16672.1	1000	-
chr2	159745744	159748130	MSTRG.16755.1	1000	-
chr2	161278453	161278877	MSTRG.16764.1	1000	+
chr2	161339416	161340392	MSTRG.16767.1	1000	-
chr2	169636090	169637868	MSTRG.16810.1	1000	-
chr2	171985471	171986836	MSTRG.16834.1	1000	+
chr2	173527362	173533421	MSTRG.16847.1	1000	-
chr2	174081053	174141962	MSTRG.16853.1	1000	+
chr2	177212673	177220053	MSTRG.16899.1	1000	-
chr2	177212760	177216816	MSTRG.16899.2	1000	-
chr2	182962123	182977044	MSTRG.16947.1	1000	+
chr2	190934045	190934658	MSTRG.17000.1	1000	-
chr2	191697707	191698601	MSTRG.17013.1	1000	+
chr2	197490156	197499938	MSTRG.17042.1	1000	+
chr2	200867541	200867977	MSTRG.17072.1	1000	-
chr2	202033784	202034531	MSTRG.17102.1	1000	+
chr2	202297384	202303632	MSTRG.17111.1	1000	-
chr2	203237322	203240020	MSTRG.17129.1	1000	-
chr2	206793154	206796273	MSTRG.17158.1	1000	+
chr2	208064567	208077253	MSTRG.17179.1	1000	+
chr2	208241903	208254027	MSTRG.17181.1	1000	+
chr2	215297901	215298324	MSTRG.17201.1	1000	+
chr2	217993235	217993830	MSTRG.17236.1	1000	+
chr2	218762781	218763190	MSTRG.17262.1	1000	+
chr2	231165165	231170821	MSTRG.17357.1	1000	-
chr2	231454798	231463362	MSTRG.17362.1	1000	+
chr2	231708406	231713513	MSTRG.17367.1	1000	-
chr2	231711277	231713147	MSTRG.17367.2	1000	-
chr2	234682306	234723876	MSTRG.17406.1	1000	+
chr2	235192785	235193249	MSTRG.17408.1	1000	-
chr2	237485046	237487320	MSTRG.17423.1	1000	-
chr2	237762965	237763731	MSTRG.17427.1	1000	-
chr2	238328630	238332995	MSTRG.17436.1	1000	-
chr20	653270	656731	MSTRG.17509.1	1000	+
chr20	1900011	1900475	MSTRG.17527.1	1000	-
chr20	3207955	3209577	MSTRG.17539.1	1000	-
chr20	3784481	3785258	MSTRG.17552.1	1000	+
chr20	4015698	4016168	MSTRG.17561.1	1000	+
chr20	4188147	4190182	MSTRG.17564.1	1000	+
chr20	6072864	6073384	MSTRG.17590.1	1000	-
chr20	8750904	8751338	MSTRG.17597.1	1000	-
chr20	17658579	17660098	MSTRG.17663.1	1000	+
chr20	17658579	17660098	MSTRG.17663.2	1000	+
chr20	17658738	17660018	MSTRG.17663.3	1000	+
chr20	17658738	17660061	MSTRG.17663.4	1000	+
chr20	17658870	17660018	MSTRG.17663.5	1000	+
chr20	25359045	25359545	MSTRG.17733.1	1000	+
chr20	26009661	26011339	MSTRG.17746.1	1000	+
chr20	28577669	28602930	MSTRG.17747.8	1000	-
chr20	28577669	28602930	MSTRG.17747.9	1000	-
chr20	28578244	28602930	MSTRG.17747.10	1000	-
chr20	28578326	28602830	MSTRG.17747.11	1000	-
chr20	30570544	30580192	MSTRG.17751.1	1000	-
chr20	30636347	30636820	MSTRG.17752.1	1000	-
chr20	30651415	30651822	MSTRG.17753.1	1000	-
chr20	30652917	30653654	MSTRG.17754.1	1000	-
chr20	30654299	30655074	MSTRG.17755.1	1000	-
chr20	32688981	32689848	MSTRG.17785.1	1000	-
chr20	35650779	35651257	MSTRG.17859.1	1000	+
chr20	47200793	47201265	MSTRG.18018.1	1000	+
chr20	49636274	49639803	MSTRG.18043.1	1000	+
chr20	50583243	50583696	MSTRG.18057.1	1000	-
chr20	51366697	51444268	MSTRG.18070.1	1000	+
chr20	56468645	56477148	MSTRG.18089.1	1000	-
chr21	8436798	8438919	MSTRG.18248.5	1000	+
chr21	8987974	9003793	MSTRG.18264.1	1000	+
chr21	8988000	9004700	MSTRG.18264.2	1000	+
chr21	8988000	9002168	MSTRG.18264.3	1000	+
chr21	8988057	9002165	MSTRG.18264.4	1000	+
chr21	25999952	26051156	MSTRG.18292.1	1000	+
chr21	36051559	36052034	MSTRG.18365.1	1000	+
chr21	44932063	44932510	MSTRG.18498.1	1000	-
chr21	45364127	45372703	MSTRG.18508.1	1000	+
chr21	45555600	45556552	MSTRG.18516.1	1000	+
chr22	11913226	11913729	MSTRG.18535.1	1000	+
chr22	11914650	11916201	MSTRG.18536.1	1000	+
chr22	20953458	20954796	MSTRG.18646.1	1000	-
chr22	21629339	21629885	MSTRG.18665.1	1000	+
chr22	22637096	22637711	MSTRG.18681.1	1000	+
chr22	28666028	28667955	MSTRG.18754.1	1000	+
chr22	30340253	30341911	MSTRG.18796.1	1000	+
chr22	32506287	32506711	MSTRG.18850.1	1000	+
chr22	37806344	37806788	MSTRG.18910.1	1000	-
chr22	41621915	41636846	MSTRG.19014.1	1000	-
chr22	43644807	43645963	MSTRG.19058.1	1000	+
chr22	46250453	46252333	MSTRG.19092.1	1000	+
chr22	48484834	48485239	MSTRG.19106.1	1000	-
chr3	9931843	9933166	MSTRG.19201.1	1000	-
chr3	10126359	10126832	MSTRG.19216.1	1000	-
chr3	10248690	10249522	MSTRG.19220.1	1000	-
chr3	11192730	11226048	MSTRG.19226.1	1000	-
chr3	14183866	14198342	MSTRG.19262.1	1000	-
chr3	15650303	15654398	MSTRG.19288.1	1000	+
chr3	24094874	24095584	MSTRG.19337.1	1000	-
chr3	32570456	32578783	MSTRG.19386.1	1000	+
chr3	40519136	40519540	MSTRG.19456.1	1000	+
chr3	43995292	43995913	MSTRG.19492.1	1000	+
chr3	43999249	44018405	MSTRG.19495.1	1000	+
chr3	43999249	44018405	MSTRG.19495.2	1000	+
chr3	44491710	44494840	MSTRG.19501.1	1000	-
chr3	44496942	44497760	MSTRG.19502.1	1000	-
chr3	44925678	44926163	MSTRG.19517.1	1000	+
chr3	48573781	48575474	MSTRG.19579.1	1000	+
chr3	49968134	49968556	MSTRG.19633.1	1000	-
chr3	53230405	53233271	MSTRG.19715.1	1000	+
chr3	58109523	58112267	MSTRG.19744.1	1000	-
chr3	94505679	94506719	MSTRG.19856.1	1000	-
chr3	100713584	100736773	MSTRG.19885.1	1000	-
chr3	108539075	108540730	MSTRG.19928.1	1000	-
chr3	112640483	112641024	MSTRG.19953.1	1000	+
chr3	114319097	114325439	MSTRG.19979.1	1000	-
chr3	129167776	129168652	MSTRG.20114.1	1000	-
chr3	142162897	142163387	MSTRG.20247.1	1000	-
chr3	146366636	146367090	MSTRG.20273.1	1000	+
chr3	149971225	149973032	MSTRG.20302.1	1000	+
chr3	154315006	154324303	MSTRG.20347.1	1000	+
chr3	155988214	155989092	MSTRG.20352.1	1000	+
chr3	158780563	158792916	MSTRG.20389.1	1000	-
chr3	169992656	169993439	MSTRG.20440.1	1000	-
chr3	185382921	185383398	MSTRG.20589.1	1000	-
chr3	186785916	186787281	MSTRG.20607.1	1000	-
chr3	194317405	194322959	MSTRG.20639.1	1000	-
chr3	194599167	194599615	MSTRG.20645.1	1000	+
chr4	675733	676254	MSTRG.20734.1	1000	-
chr4	1694695	1703737	MSTRG.20756.1	1000	+
chr4	6642104	6642795	MSTRG.20809.1	1000	-
chr4	6985772	6987147	MSTRG.20817.1	1000	-
chr4	7969636	7974198	MSTRG.20834.1	1000	+
chr4	40022805	40023278	MSTRG.20953.1	1000	+
chr4	40505116	40505559	MSTRG.20964.1	1000	+
chr4	49234293	49235600	MSTRG.21014.1	1000	-
chr4	49234812	49235603	MSTRG.21015.1	1000	-
chr4	49558457	49559317	MSTRG.21019.1	1000	+
chr4	49559458	49561407	MSTRG.21020.1	1000	+
chr4	49573207	49573850	MSTRG.21022.1	1000	+
chr4	49591613	49592112	MSTRG.21023.1	1000	+
chr4	56466884	56467849	MSTRG.21075.1	1000	-
chr4	65706788	65708195	MSTRG.21091.1	1000	+
chr4	70899280	70902327	MSTRG.21114.1	1000	-
chr4	73104206	73110845	MSTRG.21123.1	1000	+
chr4	74276847	74365532	MSTRG.21137.1	1000	-
chr4	75643837	75644430	MSTRG.21146.1	1000	+
chr4	77819870	77820389	MSTRG.21159.1	1000	-
chr4	78180341	78180802	MSTRG.21163.1	1000	-
chr4	82427110	82428171	MSTRG.21179.1	1000	+
chr4	84498975	84499513	MSTRG.21199.1	1000	-
chr4	94794436	94795474	MSTRG.21254.1	1000	-
chr4	94836051	94836613	MSTRG.21255.1	1000	-
chr4	114334754	114365113	MSTRG.21390.1	1000	-
chr4	121668413	121681861	MSTRG.21416.1	1000	+
chr4	122075860	122076469	MSTRG.21420.1	1000	-
chr4	122824444	122825523	MSTRG.21424.1	1000	+
chr4	132308443	132308844	MSTRG.21453.1	1000	+
chr4	141635580	141636352	MSTRG.21495.1	1000	-
chr4	143527795	143536573	MSTRG.21511.1	1000	-
chr4	158713042	158717185	MSTRG.21598.1	1000	+
chr4	168487501	168489363	MSTRG.21633.1	1000	+
chr4	168487682	168492859	MSTRG.21633.2	1000	+
chr4	168487682	168492271	MSTRG.21633.3	1000	+
chr4	173331663	173332944	MSTRG.21659.1	1000	+
chr4	173509540	173511438	MSTRG.21662.1	1000	+
chr4	173608981	173696805	MSTRG.21663.1	1000	+
chr4	174323460	174340875	MSTRG.21668.1	1000	-
chr4	188739626	188741966	MSTRG.21717.1	1000	+
chr5	10254588	10256213	MSTRG.21775.1	1000	-
chr5	13985813	13987310	MSTRG.21790.1	1000	+
chr5	14140669	14143281	MSTRG.21791.1	1000	-
chr5	17217545	17275758	MSTRG.21814.1	1000	-
chr5	17217663	17275758	MSTRG.21814.2	1000	-
chr5	25963743	25985134	MSTRG.21834.1	1000	+
chr5	30788617	30850146	MSTRG.21837.1	1000	-
chr5	31908062	31910327	MSTRG.21857.1	1000	-
chr5	34823427	34823934	MSTRG.21890.1	1000	-
chr5	36871034	36876873	MSTRG.21901.1	1000	-
chr5	36871195	36876783	MSTRG.21901.2	1000	-
chr5	55308016	55328894	MSTRG.22009.1	1000	-
chr5	55963251	55968450	MSTRG.22023.1	1000	+
chr5	59756516	59795559	MSTRG.22039.1	1000	+
chr5	61290553	61305115	MSTRG.22057.4	1000	-
chr5	65158394	65176519	MSTRG.22073.1	1000	+
chr5	65163920	65171040	MSTRG.22074.1	1000	+
chr5	65171219	65172213	MSTRG.22075.1	1000	+
chr5	65521386	65554986	MSTRG.22080.1	1000	+
chr5	66170034	66177722	MSTRG.22092.1	1000	-
chr5	66170485	66177654	MSTRG.22092.2	1000	-
chr5	76169985	76170836	MSTRG.22177.1	1000	-
chr5	76241100	76241583	MSTRG.22180.1	1000	-
chr5	78089341	78114022	MSTRG.22203.1	1000	+
chr5	80478296	80481941	MSTRG.22236.1	1000	-
chr5	93682861	93683460	MSTRG.22305.1	1000	+
chr5	100985189	100985598	MSTRG.22368.1	1000	-
chr5	107194762	107195258	MSTRG.22373.1	1000	-
chr5	108727759	108728661	MSTRG.22378.1	1000	+
chr5	133092607	133104443	MSTRG.22531.1	1000	-
chr5	134763886	134783121	MSTRG.22554.1	1000	-
chr5	136063241	136063857	MSTRG.22577.1	1000	-
chr5	137114655	137115663	MSTRG.22583.1	1000	+
chr5	138467985	138468587	MSTRG.22602.1	1000	-
chr5	138543359	138544256	MSTRG.22604.1	1000	+
chr5	139321809	139323048	MSTRG.22622.1	1000	-
chr5	143333282	143333855	MSTRG.22722.1	1000	+
chr5	149512993	149551028	MSTRG.22764.1	1000	+
chr5	150444149	150449826	MSTRG.22780.1	1000	+
chr5	150444216	150449824	MSTRG.22780.2	1000	+
chr5	150657885	150658288	MSTRG.22786.1	1000	-
chr5	171387859	171406562	MSTRG.22908.1	1000	-
chr5	171392612	171407870	MSTRG.22908.2	1000	-
chr5	175881046	175881827	MSTRG.22944.1	1000	-
chr5	179618762	179619368	MSTRG.23016.1	1000	+
chr5	179698959	179716330	MSTRG.23021.1	1000	-
chr5	179720313	179728998	MSTRG.23022.1	1000	-
chr5	180467074	180483385	MSTRG.23040.1	1000	+
chr5	180467074	180483385	MSTRG.23040.2	1000	+
chr5	180467098	180483385	MSTRG.23040.3	1000	+
chr6	4031860	4032495	MSTRG.23098.1	1000	-
chr6	12294855	12314545	MSTRG.23159.1	1000	-
chr6	12295383	12314606	MSTRG.23159.2	1000	-
chr6	12295383	12314993	MSTRG.23159.3	1000	-
chr6	12295607	12313358	MSTRG.23159.4	1000	-
chr6	12363973	12364533	MSTRG.23162.1	1000	+
chr6	18249553	18264042	MSTRG.23201.1	1000	+
chr6	24690182	24690594	MSTRG.23236.1	1000	-
chr6	26112648	26114599	MSTRG.23264.1	1000	-
chr6	26172211	26173327	MSTRG.23269.1	1000	+
chr6	27147743	27148216	MSTRG.23289.1	1000	-
chr6	43619334	43620589	MSTRG.23558.1	1000	+
chr6	43998772	43999607	MSTRG.23566.1	1000	+
chr6	44249452	44251917	MSTRG.23574.1	1000	-
chr6	44251971	44253728	MSTRG.23575.1	1000	-
chr6	52417940	52421060	MSTRG.23603.1	1000	-
chr6	65305433	65305910	MSTRG.23659.1	1000	+
chr6	73309405	73314526	MSTRG.23695.1	1000	+
chr6	85618735	85622665	MSTRG.23764.1	1000	+
chr6	85644803	85645338	MSTRG.23765.1	1000	+
chr6	106970703	106971417	MSTRG.23844.1	1000	+
chr6	109245291	109249987	MSTRG.23872.1	1000	-
chr6	109250770	109251529	MSTRG.23873.1	1000	-
chr6	110898122	110898809	MSTRG.23904.1	1000	+
chr6	110968476	110969233	MSTRG.23906.1	1000	+
chr6	112285511	112299212	MSTRG.23929.1	1000	-
chr6	122444177	122444640	MSTRG.23973.1	1000	+
chr6	127155312	127196288	MSTRG.23992.1	1000	-
chr6	127196362	127196891	MSTRG.23993.1	1000	-
chr6	142063085	142063544	MSTRG.24091.1	1000	+
chr6	144922170	144929625	MSTRG.24123.1	1000	+
chr6	144922170	144930086	MSTRG.24123.2	1000	+
chr6	144923208	144928915	MSTRG.24123.3	1000	+
chr6	145241256	145256817	MSTRG.24124.1	1000	+
chr6	148177989	148180044	MSTRG.24138.1	1000	-
chr6	150060959	150063106	MSTRG.24176.1	1000	-
chr6	153923617	153924184	MSTRG.24213.1	1000	+
chr6	154510677	154521875	MSTRG.24218.1	1000	+
chr6	157235262	157235706	MSTRG.24235.1	1000	-
chr6	164792471	164827837	MSTRG.24289.1	1000	-
chr7	5527299	5527722	MSTRG.24392.1	1000	+
chr7	5528594	5529499	MSTRG.24393.1	1000	+
chr7	6403026	6403543	MSTRG.24416.1	1000	-
chr7	10453156	10453600	MSTRG.24444.1	1000	+
chr7	25122851	25125354	MSTRG.24515.1	1000	+
chr7	26191401	26197940	MSTRG.24520.1	1000	+
chr7	26191401	26197831	MSTRG.24520.2	1000	+
chr7	26206292	26212285	MSTRG.24522.1	1000	-
chr7	36419166	36420327	MSTRG.24629.1	1000	-
chr7	39793260	39794665	MSTRG.24641.1	1000	+
chr7	39852813	39854124	MSTRG.24645.1	1000	-
chr7	42874404	42874839	MSTRG.24656.1	1000	-
chr7	43857241	43871704	MSTRG.24672.1	1000	+
chr7	44795015	44796496	MSTRG.24689.1	1000	-
chr7	47592884	47593372	MSTRG.24706.1	1000	+
chr7	47596706	47600631	MSTRG.24707.1	1000	+
chr7	47596904	47600621	MSTRG.24707.2	1000	+
chr7	47633227	47635552	MSTRG.24708.1	1000	-
chr7	47633379	47635519	MSTRG.24708.2	1000	-
chr7	50437231	50440633	MSTRG.24718.1	1000	-
chr7	56054317	56060942	MSTRG.24739.1	1000	-
chr7	65720516	65751061	MSTRG.24757.1	1000	-
chr7	73285862	73286542	MSTRG.24841.1	1000	-
chr7	73301421	73303262	MSTRG.24843.1	1000	+
chr7	92112786	92113511	MSTRG.24989.1	1000	+
chr7	94669048	94669715	MSTRG.25019.1	1000	-
chr7	100828476	100829104	MSTRG.25116.1	1000	-
chr7	101138407	101139089	MSTRG.25125.1	1000	-
chr7	106250575	106263699	MSTRG.25210.1	1000	+
chr7	128330754	128336104	MSTRG.25314.1	1000	+
chr7	128655693	128663580	MSTRG.25323.3	1000	+
chr7	132763750	132764201	MSTRG.25381.1	1000	-
chr7	134933051	134960205	MSTRG.25397.1	1000	-
chr7	139035728	139036995	MSTRG.25430.1	1000	+
chr7	139035984	139037040	MSTRG.25430.2	1000	+
chr7	139036059	139037040	MSTRG.25430.3	1000	+
chr7	143609871	143610485	MSTRG.25487.1	1000	+
chr7	147732351	147732781	MSTRG.25510.1	1000	-
chr7	149014895	149021209	MSTRG.25522.1	1000	+
chr7	149320999	149321598	MSTRG.25531.1	1000	-
chr8	208106	213003	MSTRG.25606.1	1000	-
chr8	305089	307025	MSTRG.25612.1	1000	-
chr8	305090	307017	MSTRG.25612.2	1000	-
chr8	8386594	8387121	MSTRG.25638.1	1000	-
chr8	18978769	18979400	MSTRG.25744.1	1000	+
chr8	22255326	22257644	MSTRG.25770.1	1000	+
chr8	23645262	23645753	MSTRG.25807.1	1000	-
chr8	24845264	24845663	MSTRG.25816.1	1000	+
chr8	25177703	25184470	MSTRG.25821.1	1000	-
chr8	25184564	25185613	MSTRG.25822.1	1000	-
chr8	26360136	26362829	MSTRG.25831.1	1000	-
chr8	29667735	29669862	MSTRG.25871.1	1000	-
chr8	30069565	30073996	MSTRG.25874.1	1000	+
chr8	31174828	31175983	MSTRG.25897.1	1000	+
chr8	33365871	33369531	MSTRG.25908.1	1000	-
chr8	35523618	35524744	MSTRG.25916.1	1000	-
chr8	41828173	41832829	MSTRG.25983.1	1000	+
chr8	43123903	43132613	MSTRG.26006.1	1000	+
chr8	48318249	48319790	MSTRG.26022.1	1000	+
chr8	51395046	51396898	MSTRG.26026.1	1000	+
chr8	51395046	51396898	MSTRG.26026.2	1000	+
chr8	55825911	55827197	MSTRG.26050.1	1000	+
chr8	61626107	61714456	MSTRG.26085.1	1000	+
chr8	66430083	66430611	MSTRG.26101.1	1000	-
chr8	73291081	73293723	MSTRG.26145.1	1000	+
chr8	98045489	98047431	MSTRG.26295.1	1000	+
chr8	100919048	100919551	MSTRG.26343.1	1000	+
chr8	102646548	102647443	MSTRG.26357.1	1000	-
chr8	102778071	102780012	MSTRG.26359.1	1000	-
chr8	106696725	106697205	MSTRG.26399.1	1000	-
chr8	108487517	108489726	MSTRG.26408.1	1000	+
chr8	114029453	114029953	MSTRG.26413.1	1000	-
chr8	116854153	116858513	MSTRG.26417.1	1000	+
chr8	123250064	123253537	MSTRG.26451.1	1000	+
chr8	124313694	124314101	MSTRG.26465.1	1000	+
chr8	127087408	127087893	MSTRG.26481.1	1000	+
chr8	131970456	131978970	MSTRG.26508.1	1000	-
chr8	140642388	140642821	MSTRG.26525.1	1000	+
chr8	140646060	140646538	MSTRG.26526.1	1000	+
chr8	143556733	143558556	MSTRG.26558.1	1000	-
chr8	143828987	143832950	MSTRG.26575.1	1000	+
chr8	144262780	144266558	MSTRG.26596.1	1000	+
chr9	43421	78687	MSTRG.26644.1	1000	-
chr9	6102854	6106636	MSTRG.26708.1	1000	+
chr9	15469207	15486116	MSTRG.26752.1	1000	+
chr9	15471053	15474275	MSTRG.26752.2	1000	+
chr9	19058251	19058696	MSTRG.26767.1	1000	+
chr9	19378359	19379602	MSTRG.26778.1	1000	+
chr9	21565824	21592019	MSTRG.26792.4	1000	-
chr9	21907028	21907554	MSTRG.26803.1	1000	-
chr9	32542172	32542844	MSTRG.26828.1	1000	+
chr9	33026387	33039062	MSTRG.26834.1	1000	-
chr9	33113238	33116126	MSTRG.26837.1	1000	+
chr9	33288994	33289568	MSTRG.26843.1	1000	+
chr9	35490355	35492094	MSTRG.26908.1	1000	-
chr9	35490865	35492094	MSTRG.26908.2	1000	-
chr9	35490865	35492094	MSTRG.26908.3	1000	-
chr9	35490865	35492080	MSTRG.26908.4	1000	-
chr9	35694857	35695652	MSTRG.26921.1	1000	-
chr9	37079753	37090554	MSTRG.26950.1	1000	+
chr9	37079753	37090554	MSTRG.26950.2	1000	+
chr9	37079753	37090554	MSTRG.26950.3	1000	+
chr9	37079753	37090554	MSTRG.26950.4	1000	+
chr9	37079753	37090532	MSTRG.26950.5	1000	+
chr9	37467524	37468012	MSTRG.26959.1	1000	+
chr9	38621886	38622605	MSTRG.26978.1	1000	-
chr9	40090857	40106273	MSTRG.26985.1	1000	-
chr9	40091250	40106671	MSTRG.26985.2	1000	-
chr9	40091301	40106661	MSTRG.26985.3	1000	-
chr9	40152091	40152762	MSTRG.26989.1	1000	-
chr9	41211885	41212306	MSTRG.26997.1	1000	-
chr9	41358773	41374183	MSTRG.26998.1	1000	+
chr9	41358779	41401508	MSTRG.26998.2	1000	+
chr9	60962091	60962579	MSTRG.27008.1	1000	+
chr9	60962448	60984175	MSTRG.27009.1	1000	+
chr9	61330394	61453130	MSTRG.27010.1	1000	+
chr9	66269875	66386845	MSTRG.27034.1	1000	+
chr9	66928492	66944801	MSTRG.27035.2	1000	-
chr9	72893963	72896538	MSTRG.27072.1	1000	-
chr9	72900736	72953131	MSTRG.27074.1	1000	+
chr9	73011483	73013203	MSTRG.27075.1	1000	+
chr9	78234046	78236115	MSTRG.27100.1	1000	-
chr9	82886735	82887185	MSTRG.27106.1	1000	+
chr9	83835102	83836600	MSTRG.27117.1	1000	-
chr9	87727935	87729683	MSTRG.27135.1	1000	-
chr9	89309918	89311005	MSTRG.27143.1	1000	-
chr9	93564455	93565036	MSTRG.27180.1	1000	-
chr9	94543369	94543819	MSTRG.27194.1	1000	+
chr9	94543391	94543790	MSTRG.27195.1	1000	-
chr9	96015636	96018363	MSTRG.27219.1	1000	+
chr9	98005019	98015808	MSTRG.27254.1	1000	-
chr9	100352956	100354034	MSTRG.27279.1	1000	+
chr9	101552440	101554930	MSTRG.27291.1	1000	-
chr9	103205260	103205756	MSTRG.27294.1	1000	+
chr9	110169230	110170200	MSTRG.27326.1	1000	-
chr9	111591718	111592571	MSTRG.27336.1	1000	+
chr9	112220797	112221838	MSTRG.27348.1	1000	+
chr9	112376112	112379953	MSTRG.27353.1	1000	-
chr9	120799872	120801884	MSTRG.27401.1	1000	+
chr9	122326010	122327946	MSTRG.27420.1	1000	+
chr9	124868188	124869214	MSTRG.27463.1	1000	-
chr9	125238422	125239428	MSTRG.27472.1	1000	+
chr9	128689343	128695029	MSTRG.27547.1	1000	-
chr9	129739116	129739580	MSTRG.27583.1	1000	+
chr9	130053032	130053972	MSTRG.27591.1	1000	-
chr9	130705445	130707618	MSTRG.27599.1	1000	+
chr9	130707817	130708642	MSTRG.27600.1	1000	+
chr9	133745068	133745587	MSTRG.27649.1	1000	+
chr9	134622733	134625104	MSTRG.27658.1	1000	-
chr9	135916731	135921010	MSTRG.27668.1	1000	+
chr9	136848924	136849720	MSTRG.27697.1	1000	-
chr9	137121900	137130159	MSTRG.27718.1	1000	-
chrM	1	529	MSTRG.27740.1	1000	-
chrM	1529	2722	MSTRG.27744.1	1000	-
chrX	3553095	3553578	MSTRG.27786.1	1000	-
chrX	3811643	3814181	MSTRG.27790.1	1000	-
chrX	3815870	3816542	MSTRG.27791.1	1000	-
chrX	23784063	23785513	MSTRG.27897.1	1000	-
chrX	24067869	24071815	MSTRG.27903.1	1000	-
chrX	24073051	24076996	MSTRG.27904.1	1000	-
chrX	41349297	41349999	MSTRG.27969.1	1000	-
chrX	41482833	41491930	MSTRG.27970.1	1000	-
chrX	47509528	47510600	MSTRG.28013.1	1000	-
chrX	47905817	47906647	MSTRG.28025.1	1000	-
chrX	48576411	48577714	MSTRG.28038.1	1000	-
chrX	48957631	48960150	MSTRG.28050.1	1000	+
chrX	49070228	49070635	MSTRG.28055.1	1000	-
chrX	65528214	65529903	MSTRG.28141.1	1000	+
chrX	70678849	70679313	MSTRG.28168.1	1000	+
chrX	76178545	76194703	MSTRG.28235.1	1000	+
chrX	76218275	76219299	MSTRG.28236.1	1000	-
chrX	77967934	77968394	MSTRG.28245.1	1000	-
chrX	80676809	80677411	MSTRG.28250.1	1000	+
chrX	101413152	101413855	MSTRG.28294.1	1000	-
chrX	103377566	103378091	MSTRG.28326.1	1000	-
chrX	103586157	103587484	MSTRG.28328.1	1000	-
chrX	107927456	107931698	MSTRG.28362.1	1000	+
chrX	109732337	109733307	MSTRG.28376.1	1000	+
chrX	115649438	115649982	MSTRG.28395.1	1000	-
chrX	119605979	119606552	MSTRG.28417.1	1000	-
chrX	120735183	120741372	MSTRG.28433.1	1000	+
chrX	123910169	123910865	MSTRG.28441.1	1000	-
chrX	129675788	129678510	MSTRG.28457.1	1000	-
chrX	130413657	130415307	MSTRG.28469.1	1000	+
chrX	136875158	136879221	MSTRG.28509.1	1000	+
chrX	152574581	152698816	MSTRG.28558.1	1000	-
chrX	152574581	152698816	MSTRG.28558.2	1000	-
chrX	152574581	152698816	MSTRG.28558.3	1000	-
chrX	154373521	154378475	MSTRG.28591.1	1000	+
chrY	5325585	5326017	MSTRG.28670.1	1000	-
